,stop_word_removed,translated,subjectivity,polarity,Analysis
0,_rici pasal undang-undang perlindungan data pribadi (pdp) dasar hukumnya. belajar bang.,"_RICI Article of the Law Protection Act (PDP) of its legal basis. Learn, sir.",0.2,0.2,Positive
1,"bukti , teman gue, nyuruh langgar undang-undang perlindungan data pribadi ngilangin buktikan sebaliknya?","Proof, my friend, told to violate the Personal Data Protection Act Remove the opposite?",0.15,0.0,Neutral
2,"_ terima kasih iya bersedia nara sumber üôèüôÇ teman ai bersemangat acara ini, pertanyaannya sederhana, undang-undang perlindungan data pribadi sesuai semangat pasal mempersulit penelitian keterbukaan informasi depannya","_ Thank you, yes, willing, the source üôèüôÇ AI's friend is excited about this event, the question is simple, the Law on Protection of Personal Data in accordance with the spirit of the article complicates research on the disclosure of the front information",0.5392857142857143,0.15625,Positive
3,sebentar mesti dicopot... absensi fingerprint mestinya dilarang undang-undang perlindungan data pribadi üòÉüòÉ,briefly must be removed ... Fingerprint attendance should be prohibited by the Personal Data Protection Act üòÉüòÉ,0.31666666666666665,0.0,Neutral
4,"undang-undang perlindungan data pribadi memfasilitasi penyelesaian sengketa non litigasi. aduh, emang genting bangat butuh lembaga pdp. gampang bangat iya liat-liat bicara bui. ü•≤ again, hak, coba landscape hokum luas deh.","The Personal Data Protection Act facilitates the resolution of non-litigation disputes. Ouch, it really needs a PDP institution. It's easy to look at it. ü•≤ Again, rights, try landscape large laws.",0.4404761904761905,0.2119047619047619,Positive
5,"hi, berbagi informasi ya.. webinar pusat ai itb jumat, september , .-. topik: privasi versus inovasi: dampak undang-undang perlindungan data pribadi ai pembicara : helni mutiarsih jumhur &amp ibrahim arief moderator: windy gambetta daftar gratis, kuota terbatas","Hi, sharing information yes ... ITB ITB Central Webinar Friday, September, .-. Topic: Privacy versus Innovation: Impact of the Law Protection Act AI Speaker: Helni Mutiarsih Jumhur & Amp Ibrahim Arief Moderator: Windy Gambetta Free List, Limited Quota",0.3976190476190476,0.10952380952380954,Positive
6,selow hidupnya kayak nggak kerjaan pakai serang wa orang. serem banget. undang-undang ite undang-undang pdp. smartphone konek internet cari aturan hukum teror online.,Selow life is like not working using attacks wa people. Very scary. ITE Law PDP Law. Internet connecting smartphone is looking for online terror law rules.,1.0,-0.65,Negative
7,si lur perbuatan melanggar undang-undang perlindungan data pribadi beserta sanksinya undang-undang perlindungan data pribadi nomor tahun coba lurrr disimak postingan mimin ‚òùÔ∏è‚òùÔ∏è‚òùÔ∏è selengkapnya : betterbanyumas kabbanyumas bijakmenggunakanmediadigital,the act of violating the Personal Data Protection Act along with the sanctions of the Personal Data Protection Act for the year Try Lurrr Listened to Mimin's post ‚òùÔ∏è‚òùÔ∏è‚òùÔ∏è More: Betterbanyas Kabbanyas wisely uses mediagital,0.5,0.3,Positive
8,badan penegak undang-undang perlindungan data pribadi ü§≠ü§≠ü§≠,Personal Data Protection Law Enforcement Agency ü§≠ü§≠ü§≠,0.3,0.0,Neutral
9,hahaha kebayang gak waktu undang-undang pdp? digugat ngespill ü§£,hahaha can you imagine when the PDP law? sued ngespill ü§£,0.4,0.2,Positive
10,"nah, ini. di-anonimisasi, perhatian mas yan pelanggaran undang-undang perlindungan data pribadi diminimalisir.","Well, this one. In an anonymity, the attention of the violation of the Personal Data Protection Act is minimized.",0.3,0.0,Neutral
11,kenal (korban) tolong akun dibaliknya dilaporkan undang-undang ite undang-undang pdp. meneror doxxing data pribadi merugikan dianggap sepele.,Know (victims) please the account behind it reported the ITE Law on the PDP Law. terrorizing doxxing personal data is detrimental to be considered trivial.,0.5,-0.2,Negative
12,"_mieayam salah.. doxxing undang-undang perlindungan data pribadi undang-undang ite terima, beneran salah.. ancaman nge doxxing undang-undang perlindungan data pribadi pidana penjara max tahun denda max m..","_mieayam is wrong .. Doxxing Personal Data Protection Act ITE Act Received, Really False .. The threat of nge Doxxing Law Protection Protection of Prison Max Max Max M ...",0.6,-0.30000000000000004,Negative
13,gada deliknya emang username ig klasifikasi data pribadi undang-undang perlindungan data pribadi,The offense is indeed a username IG Personal Data Classification,0.3,0.0,Neutral
14,bijak ya. melanggar undang-undang perlindungan data pribadi ancamannya penjara tahun denda tinggi miliar.,wise. violating the Personal Data Protection Act for the threat of prison in the year of a height fine.,0.5666666666666667,0.37222222222222223,Positive
15,"perkara rb bikin doxxing data pribadi lain. undang-undang perlindungan data pribadi pidananya milyar tahun penjara, neng. nambahin undang-undang ite loh ya. blunder mak!","RB cases make doxxing other personal data. The Criminal Protection Protection Act is billion in prison, Neng. Add the ITE Law. blunder mak!",0.4083333333333334,-0.20833333333333334,Negative
16,semoga si berkenan berbaik hati melaporkan akun undang-undang ite undang-undang perlindungan data pribadi menyebar data pribadi.,Hopefully the please be kind enough to report the ITE Law Account on the Personal Data Protection Act spread personal data.,0.5,0.15,Positive
17,"pasal berlapis tuh orang... undang-undang pdp, undang-undang ite, undang-undang perbuatan menyenangkan. sih nggak terima, salah siapa,, nge gas","The layered article is ... PDP Law, ITE Law, Act of Action Fun. I don't accept it, whose fault is it ,, gas",0.15000000000000002,0.2,Positive
18,perbuatan melanggar undang-undang pelindungan data pribadi. beserta sanksinya undang-undang perlindungan data pribadi no tahun .,acts violating the Law on Protection of Personal Data. along with the sanctions of the Personal Data Protection Act No Year.,0.3,0.0,Neutral
19,baca undang-undang nomor tahun perlindungan data pribadi,Read Law Number of Personal Data Protection Year,0.3,0.0,Neutral
20,rilis undang-undang perlindungan data pribadi kan? payung hukumnya. silahkan dicek pemanfaatan perlindungannya. lengkap,The release of the Personal Data Protection Act right? the legal umbrella. Please check the use of the protection. complete,0.3589285714285714,0.14642857142857144,Positive
21,undang-undang pdp. draf,PDP Law. draft,0.0,0.0,Neutral
22,ply undang-undang perlindungan data pribadi,PLY Personal Data Protection Act,0.3,0.0,Neutral
23,"_ transportasi umum berkembang dunia, mengumpulkan data pribadi penumpang. stop this nonsense, undang-undang perlindungan data pribadi nggak","_ Public transportation develops the world, collecting passenger personal data. Stop this nonsense, the Personal Data Protection Act is not",0.2222222222222222,0.0,Neutral
24,"trans jakarta mengumpulkan data perjalanan penumpang. nama, umur, pergi kemana saja, jam berapa, sebagainya. opsi opt out pelanggaran undang-undang pdp?","Trans Jakarta collects passenger travel data. Name, age, go anywhere, what time, so on. Opt Out Out Out Out Violation of the PDP Law?",0.0,0.0,Neutral
25,"tertarik isu perlindungan data pribadi, menulis catatan singkat dinamika pasca diundangkannya undang-undang pdp. silakan berpendapat. cc.","Interested in the issue of personal data protection, writing a short note of dynamics after the enactment of the PDP Law. Please argue. CC.",0.3666666666666667,0.08333333333333333,Positive
26,aparat negara baca undang-undang perlindungan data pribadi no / tindakan sanksi pidana,state apparatus read the Law on Protection Protection of Personal Data No / Action of Criminal Sanctions,0.3166666666666667,-0.15,Negative
27,"iya..tp melanggar tidak, dibaca selanjutnya. media jurnalistik dilindungi undang-undang pers. setingkat undang-undang pdp. diperbolehkan. baca sih uunya","yes..tp violates no, read next. Journalistic media protected by the Press Law. at the level of PDP Law. allowed. Read the money",0.0,0.0,Neutral
28,"nuntut menyetujui? undang-undang perlindungan data pribadi iya sekarang? suka kontradiktif sih terms and conditionnya. tunduk aturan negara akhir-akhir berhak bertindak apapun, berubah sewaktu-waktu, menjamin keamanan dsb","DESCRIPTION? The Personal Data Protection Act now? Like contradictory, terms and conditions. Submitting to the State rules lately has the right to act anything, change at any time, guaranteeing security etc.",0.4785714285714285,-0.004761904761904763,Negative
29,"permasalahan data privacy dilindungi undang-undang perlindungan data pribadi dijaga. penagihan menyebarkan foto, ktp pelanggaran pdp. celah mengatur pinjol biar tertib memperbaiki penagihan.","Privacy Data Problems Protected by Personal Data Protection Act maintained. Billing spreads photos, KTP violations of PDP. The gap set the loan to order orderly to improve billing.",0.3,0.0,Neutral
30,sebentar undang-undang perlindungan data pribadi berusaha sejajar gdpr.,briefly the Personal Data Protection Act tried to be parallel to GDPR.,0.2111111111111111,0.0,Neutral
31,"menutupi video andai kejahatan memposting identitas lain, ancaman/cuitan mengaku anak undang-undang nomor tahun perlindungan data pribadi (uu pdp) thnnaya","Covering the video if a crime posts another identity, the threat/tweet claims the child of the Law Number Year Protection of Personal Data (PDP) is this",0.3,0.0,Neutral
32,bisaa. undang-undang ite pencemaran nama pasal ayat () undang-undang perlindungan data pribadi sengaja melawan hukum data pribadi miliknya. pidana penjara tahun dan/atau pidana denda rp miliar.,can. The ITE Act Displaying the name of the Article Paragraph () Law on Protection of Personal Data intentionally against the Law of his Personal Data. imprisonment of years and/or a fine of Rp billion.,0.3666666666666667,0.1388888888888889,Positive
33,pelanggaran iya undang-undang pdpüòÖüòÖ,Violations Yes PDP Law,0.0,0.0,Neutral
34,"_jea anak-anak netes usia an. pinpri? yah. umum, pinjaman pribadi mah aja. nyebarin data, masuknya tindak kriminal melanggar undang-undang pdp. meneror dipidanakan. usia an, nggak perlindungan anak.","_jea The children are neuttants of age. Pinpri? Yes. General, just a private loan. spread data, the entry of criminal acts violates the PDP Law. terrorizing prisoner. Age, no child protection.",0.47500000000000003,-0.11666666666666665,Negative
35,"menekankan memperhatikan peraturan perundangan lain, undang-undang nomor tahun pelindungan data pribadi (pdp) penerapan pojk /.","Emphasizing paying attention to other laws and regulations, Law Number of Year Protection of Personal Data (PDP) Application of POJK /.",0.3375,-0.0625,Negative
36,pemerintah dinilai dialog publik ketentuan jangka waktu undang-undang perlindungan data pribadi -,The government is considered to be a public dialogue provisions on the period of the Personal Data Protection Act -,0.18333333333333332,0.0,Neutral
37,me when someone mentions undang-undang perlindungan data pribadi,me when someone mentions of the Personal Data Protection Act,0.3,0.0,Neutral
38,ayoo yaaa undang-undang perlindungan data pribadi lho üëÄ,Ayoo yaaa Personal Data Protection Act you know üëÄ,0.3,0.0,Neutral
39,doxing gini deh undang-undang perlindungan data pribadi,Doxing like this the Personal Data Protection Act,0.3,0.0,Neutral
40,"mba/mas, penasaran, (ato terangan doxing begini) sadar nggak iya peraturan ini, kuhp, undang-undang ite, undang-undang pdp? capek berurusan hukum begini, disengaja gitu :) nggak habis pikir","mba/mas, curious, (or dirtying like this) realized not yes this regulation, KUHP, ITE Law, PDP Law? Tired of dealing with this law, intentional :)",0.9,0.0,Neutral
41,"kreditnya macet bayar, diakun pinpri data ktp diupload dasar undang-undang perlindungan data pribadi melarang bang. ktp golongan data pribadi.","The credit is jammed, paying for the KTP data is uploaded the basis of the Personal Data Protection Act forbidding Bang. KTP Personal Data Group.",0.39999999999999997,-0.03333333333333333,Negative
42,undang-undang pdp. npl data disebarkan. iya spesifik tindak kriminal penyebaran data personalnya. praktek pinjam-meminjam bunga mencekik diapa-apain.,PDP Law. NPL data is distributed. yes specifically criminal acts of distribution of personal data. The practice of loan-borrowing interest is suffocating.,0.45,-0.3,Negative
43,"oh sorry, pikir fokusnya legalitas pinpri nya.üòÅ penyebaran data pribadi undang-undang perlindungan data pribadi","oh sorry, thought the focus of the legality of the pinpri.",1.0,-0.5,Negative
44,"melanggar iya bisa. kategori data pribadi memenuhi unsur pidana undang-undang perlindungan data pribadi apa? as far as know cmiiw, share ketum informasi umum posting sosmed khalayak umum, sifatnya rahasia ktp kakak kawan-kawan","violating yes you can. The category of personal data meets the criminal elements of the Personal Data Protection Act? as far as know cmiiw, share general information posting social media posts, it is the secret of KTP, sister, friends",0.48809523809523814,-0.0880952380952381,Negative
45,"gugat korban pakai undang-undang ite, sebar identitas undang-undang perlindungan data pribadi correct me if i'm wrong","The victim sued using the ITE Law, spreading the identity of the Correct Personal Data Protection Act",0.175,-0.037500000000000006,Negative
46,"undang-undang perlindungan data pribadi upaya pemerintah melindungi masyarakat indonesia kejahatan siber. semoga undang-undang perlindungan data pribadi kebocoran data, jual beli data konsumen rempang maroko adzan hasto tanyakosan capek naufal senin","Law Protection of Personal Data Government Efforts to Protect Indonesian Siber Crimes. Hopefully the Law on Protection of Personal Data Leakage Data, Buying and Selling Consumer Data Rempang Morocco Adzan Hasto Tanyakosan Tired Naufal Monday",0.4333333333333333,-0.13333333333333333,Negative
47,"_adi gatau undang-undang perlindungan data pribadi udh disahin dimana dikombinasi undang-undang ite pidanain uoload muka izin, disitu pasalnya lbh loh.","_Ada gatau the Law on Protection of Personal Data Udh Disahin where the ITE Criminal Act Uoload face the permit, there is the article.",0.42500000000000004,-0.2,Negative
48,undang-undang perlindungan data pribadi melindungi hak fundamental masyarakat indonesia paea penjahat siber. undang-undang perlindungan data pribadi kesetaraan keseimbangan hak subjek data pribadi kewajiban pengendali data pribadi hukum. ~~ rempang maroko tanyakosan capek,The Personal Data Protection Act protects the fundamental rights of Indonesian people PAEA Cyber ‚Äã‚ÄãCriminal. Law Protection of Personal Data Equality equilibrium Balance of Personal Data Subject Rights Controlling Personal Data Controlle. ~~ Rempang Morocco Tanyakosan Tired,0.37222222222222223,-0.09444444444444444,Negative
49,"pemerintah libatkan rumuskan aturan turunan undang-undang perlindungan data pribadi pengesahan undang-undang perlindungan data pribadi indonesia kesempatan melindungi hak fundamental masyarakat indonesia baik, fasilitasi kegiatan usaha inovasi. rempang maroko tanyakosan capek","The government involves formulating the rules for the derivatives of the Personal Data Protection Act Ratification of the Indonesian Personal Data Protection Act The opportunity to protect the fundamental rights of the Indonesian community is good, facilitating innovation business activities. Rempang Morocco Tanyakosan Tired",0.47500000000000003,0.07499999999999998,Positive
50,"undang-undang perlindungan data pribadi menangis ini. data nama, &amp tanggal lahir, nama kandung, lain-lain üò≠","This Crying Personal Data Protection Act. Name data, & amp date birth, biological name, others üò≠",0.44999999999999996,-0.1,Negative
51,kayak gini dihindarin sih min.. diancam undang-undang ite perlindungan data pribadi,"like this is avoided, min ... threatened",0.0,0.0,Neutral
52,in case tolol kayak kemarin bawa undang-undang ite membolehkan kesepakatan. undang-undang dipake undang-undang perlindungan data pribadi (perlindungan data pribadi). gak boleh.,In case stupid like yesterday brought the ITE Law allowing an agreement. Laws are used by the Personal Data Protection Act (Protection of Personal Data). not allowed.,0.5333333333333333,-0.26666666666666666,Negative
53,perjanjian kerahasiaan data? undang-undang perlindungan data pribadi pelaksanaannya gk jelas. data bocor sini. emang udh negara open source,Data Confidentiality Agreement? The Personal Data Protection Act The implementation of the GK is clear. Data leak here. it's already an open source country,0.39444444444444443,0.03333333333333334,Positive
54,"_aulia mas pintar . berkaitan trit sblmnya komen, bahas pinjam meminjam. refers to pembahasan. praktek rentenir, penyebarluasan data pribadi. ‚ò∫Ô∏è. komen spesifik. . mempersempit undang-undang perlindungan data pribadi maksutnya? üòè","_AULIA MAS SMART. Regarding the trit before commenting, discuss borrowing and borrowing. refers to discussion. Practice of loan sharks, dissemination of personal data. ‚ò∫Ô∏è. specific comments. . Narrowed the Personal Data Protection Act? üòè",0.3419642857142857,0.05357142857142857,Positive
55,"emang biar jera. denda pinjaman jaman. potensi pelanggaran undang-undang pdp, ancaman/teror, pencemaran nama lain-lain komplet pidana perdatanya agen pinpri kuliah, lekas berhenti susah","Weve a deterrent. Age loan fine. Potential violations of the PDP Law, threats/terror, defamation of other names of the Criminal Criminal Criminal Complete Agent Pinpri Lecture, Quickly Stop Difficult",0.6027777777777776,-0.10833333333333334,Negative
56,"menyebar data pribadi atur undang-undang perlindungan data pribadi pasal ayat undang-undang pdp, hukuman kurungan tahun + denda milyar, search pasukan parasut oknum dc suka mengancam menyebar data pribadi seseorang, pasal pengancaman menyebarkan","Spread Personal Data Regulating the Law on Protection of Personal Data Parapics Article PDP Law, Penalty of Year Cage + Billion Fines, Search Parasute Troops DC likes to threaten to spread a person's personal data, the threatening article is spreading",0.3,0.0,Neutral
57,makan tuh undang-undang perlindungan data pribadi,Eat the Personal Data Protection Act,0.3,0.0,Neutral
58,undang-undang perlindungan data pribadi kesempatan melindungi hak fundamental masyarakat indonesia undangundang tegakkanhukum kpkri,Law Protection of Personal Data Protection The opportunity to protect the fundamental rights of the Indonesian people is the law of KPKRI law,0.3,0.0,Neutral
59,judul skripsi nggak iya pakai undang-undang perlindungan data pribadi kuhp,Thesis title does not yes use the Criminal Code Protection Act,0.55,-0.4,Negative
60,"susun aturan pelaksana undang-undang pdp, kominfo buka partisipasi publik laman","Arrange the implementing regulations of the PDP Law, Communication and Information Open Public Participation of the page",0.2833333333333333,0.0,Neutral
61,"pelindungan data pribadi - rancangan peraturan pemerintah halo, kliens. rancangan peraturan pemerintah terkait undang-undang perlindungan data pribadi terbit lho. filenya kliens akses mari pelajari masukan","Protection of Personal Data - Draft Government Regulation Halo, Kliens. Draft Government Regulations related to the Public Data Protection Act Published. the file cliens access let's learn input",0.25555555555555554,0.0,Neutral
62,buset %....... gede banget itu. nggak dibawah wewenang ojk lg. fix mah pinjol ilegal legal kayaknya milih pindah pinpri dah. menguntungkan nggak ranah ojk. diawasi undang-undang perlindungan data pribadi undang-undang ite....... undang-undang iya kira?,"Buset %....... really big. Not under the authority of OJK again. Fix illegal legal loans seem to choose to move to Pinpri. Profitable is not the realm of OJK. monitored by the ITE Law Protection Act ... Yes, the law should it be?",0.26666666666666666,-0.09999999999999999,Negative
63,(pasal ayat () undang-undang pdp) sengaja melawan hukum data pribadi miliknya dipidana penjara tahun pidana denda rp miliar.,(Article paragraph () PDP Law) deliberately against the law of his personal data was sentenced to prison in the crime of a fine of Rp billion.,0.4,0.20833333333333334,Positive
64,"digugat undang-undang pdp, pmh, wanpres xdd banget sumpah.","Sued by the PDP Law, PMH, Wanpres XDD really swear.",0.2,0.2,Positive
65,"aplikasi unicorn decacorn apalah bawa bawa anak bangsa, cek perjanjian peminjaman nodong akses kontak. gila kali. pelanggaran undang-undang perlindungan data pribadi nggak sih ini?","Decacorn Unicorn Application Whatever bring the nation's children, check the borrowing agreement for contact access. Crazy times. This violation of the Personal Data Protection Act isn't this?",0.6,-0.3,Negative
66,coba baca ketentuan-ketetuan pidana diatur undang-undang / perlindungan data pribadi ini:,Try to read criminal provisions regulated by the Law / Protection of this Personal Data:,0.42500000000000004,-0.2,Negative
67,unsurnya pidana gacuma ite undang-undang perlindungan data pribadi (perlindungan data pribadi),the element of the Gacuma ITE Criminal Act Protection of Personal Data (Protection of Personal Data),0.38333333333333336,-0.13333333333333333,Negative
68,"_ pinpri ilegal melanggar hukum praktek doxxing &amp pengancaman. dilakukan, dikaitkan undang-undang ite, pdp, perlindungan konsumen. gagal bayar pinpri ranahnya perdata, penyelesaian perdata.","_ illegal Pinpri violates the law of the practice of Doxxing & AMP Threatens. carried out, associated with ITE Law, PDP, Consumer Protection. Failure to pay for the realm of Civil Domain, Civil Settlement.",0.4,-0.4083333333333333,Negative
69,"_partout kayaknya, jaminan bentuk ganti kerugian peminjam nggak bayar. ancaman disebarkan iya pidana atur undang-undang perlindungan data pribadi","_Partout I think, guaranteed the form of compensation for borrowers does not pay. The threat is distributed yes criminal acts of the Personal Data Protection Act",0.42500000000000004,-0.2,Negative
70,"seru nih, selagi undang-undang perlindungan data pribadi fresh","Exciting, while the Fresh Personal Data Protection Act",0.5333333333333333,0.19999999999999998,Positive
71,naa ana pks mesti ekspose..krn pks sistem siak dukcapil mensyaratkan tatanan regulasi undang-undang perlindungan data pribadi (pdp). prinsipnya sistem survei gnii nampaknya perlukan pmerintah..semisal ikm layanan publik.,"naa ana PKS must expose ... PKS SIAK Dukcapil System requires the regulation of the PERSONAL DATA PROTECTION Act (PDP). In principle, the GNII survey system seems to need the government ... such as a public service.",0.2888888888888889,0.0,Neutral
72,pemenuhan adequacy decision eu-gdpr undang-undang perlindungan data pribadi,Fulfillment of Adequacy Decision EU-GDPR Personal Data Protection Act,0.3,0.0,Neutral
73,"isu regulasi bisnis online berkaitan uupk dirancang mengakomodasi perlindungan konsumen uuite salah kaprah cenderung pencemaran nama, uupdp membumi, lain-lain","The issue of online business regulations related to the UUPK is designed to accommodate consumer protection of the wrong Uuite Salah tends to be defamation, UUPDP Browse, others",0.65,-0.25,Negative
74,_bravo_b gini dituntut undang-undang perlindungan data pribadi gk sih? iya chan perwakilan kobokerz bergerak ngelaporin berwajib,"_bravo_b like this, the law for personal data protection is or not? Yes, Chan Representative Kobokerz moves to report the authorities",0.3,0.0,Neutral
75,"sales dc mas reza? wkwkwkwk sales angkat sekali, biar bank mana, email cs screenshot nomor suruh berenti no darimana bawa pasal ayat () undang-undang pdp. ampuh waktu gitu.","DC Sales Mas Reza? wkwkwkwk sales once, so which bank, email cs screenshot number to stop. Effective time.",0.8,0.6,Positive
76,it's regulated that we're supposed to retain inactive customer's data for years and for active customer. undang-undang perlindungan data pribadi di-regulate detail data retention. dikasih flag aja.,It's regulated that we're supposed to retain Inactive Customer's Data for Years and for Active Customer. The Personal Data Protection Act is re-re-detailed data retention. Just give it a flag.,0.44999999999999996,-0.06666666666666667,Negative
77,undang-undang perlindungan data pribadi emang cuman dikasih flag deleted ü§£,The Personal Data Protection Act is only given a deleted flag ü§£,0.65,0.0,Neutral
78,"isi n/a kak. hrd sesuai undang-undang pdp, data tsb data sensitif.","Fill N/A Sis. HRD according to the PDP Law, the data is sensitive.",0.9,0.1,Positive
79,"pelakunya melanggar pasal ayat undang-undang no tahun pdp, sanksi maks tahun penjara melanggar undang-undang ite pasal juncto pasal ayat , sanksi penjara th. laporkan polisi (polres/polda). permainan operator seluler seakan‚Ä¶","The culprit violates the Article of Paragraph No. Law No. PDP, Max Sanctions in the Year of Prison violates the ITE Article Law Article Article Paragraph, Sanctions in prison th. Report Police (Polres/Polda). Cellular operator games as if ...",0.0,0.0,Neutral
80,"setahun undang-undang perlindungan data pribadi diketok, lembaga otoritas perlindungan data pribadi dibentuk? tunggu kebocoran lagi?","A year of the Personal Data Protection Act was knocked out, the Institute for Personal Data Protection Authority was formed? Wait for another leak?",0.3,0.0,Neutral
81,"anggota komisi dpr ri fraksi partai nasdem, muhammad farhan menyoroti dugaan kebocoran data penduduk mencapai juta. mendorong aparat terkait menindak undang-undang nomor tahun pelindungan data pribadi (pdp).","Member of the Indonesian House of Representatives Commission of the Nasdem Party Faction, Muhammad Farhan highlighted the alleged leakage of population data reaching millions. Encouraging the relevant authorities to crack down on Law Number Year Protection of Personal Data (PDP).",0.39722222222222225,0.036111111111111115,Positive
82,"indonesia menghadapi serius terkait kebocoran data institusi, undang-undang perlindungan data pribadi (uu pdp) disahkan pengujung tahun .","Indonesia faces seriously related to institutional data leaks, the Personal Data Protection Act (PDP Law) is passed by the end of the year.",0.35,0.0,Neutral
83,"pasal undang-undang perlindungan data pribadi , dituliskan pemrosesan data pribadi, perusahaan terbatas spesifik, sah hukum, transparan. pemilik data pribadi data digunakan.","Article of the Personal Data Protection Act, written processing of personal data, limited companies, legal, legal, transparent. Personal data owners data are used.",0.24047619047619048,0.05476190476190477,Positive
84,"‚Äúkejadiannya januari tahun , tahun lalu. identifikasi.‚Äù kejadian ya? kewajiban pemberitahuan jam undang-undang pdp?","""It happened January year, last year. identification."" What happened? The obligation to notify the PDP Law hours?",0.06666666666666667,0.0,Neutral
85,undang-undang / perlindungan data pribadi udh luncur...kita kemanfaatannya kebocoran penyalahgunaan data pribadi.,Laws / Protection of Personal Data Udh Late ... We are useful for leakage of abuse of personal data.,0.3,0.0,Neutral
86,"ruu perlindungan data pribadi udh sah undang-undang nomor tahun . tapi: . pemrosesan data pribadi, terkait dikasi waktu penyesuaian tahun . aturan pelaksananya blom terbit, rada buntung. update targetnya rampung september .","Bill on Personal Data Protection Udh Legal Law Number of Year. But: . Processing Personal data, related to the time adjusting time. The implementing rules have not been published, rather stump. The target update is completed in September.",0.30000000000000004,0.05,Positive
87,undang-undang nomor tahun perlindungan data pribadi (uu pdp) mengatur perorangan kegiatan bisnis e-merce rumah dikategorikan pengendali data pribadi,Law Number Year Protection of Personal Data (Law PDP) regulates individual home e-Merce business activities categorized as controlling personal data,0.3333333333333333,0.0,Neutral
88,"perkiraan emg it might be wrong (ive heard of hallucinations in ai before). jawabannya nggak undang-undang / (the correct answer-- latest undang-undang pdp), seengganya salah refer to permenkominfo /, sengaconya undang-undang ite lah, trnyt ciptaker t_t","Estimated EMG It Might Be Wrong (Ive Heard of Hallucinations in Ai Before). The answer is not a law / (the correct answer-- latest PDP Law), at least the wrong refer to Permenkominfo /, the heaven of the ITE Law, TRNYT Ciptaker T_T",0.775,-0.2,Negative
89,"cyberattack bsi menarik test case undang-undang / perlindungan data pribadi (pdp), pelaksanaan sanksi pasal terkait kewajiban pasal ,, . lembaga/pp-nya, operasional? ü§î","Cyberattack BSI withdraws the Test Case of Law / Protection of Personal Data (PDP), Implementation of Article Sanctions related to Article Obligations ,,. Institution/PP, operational? ü§î",0.35,0.0,Neutral
90,undang-undang perlindungan data pribadi bank bsi ini?,Bank BSI Personal Data Protection Act?,0.3,0.0,Neutral
91,perancang undang-undang nomor perlindungan data pribadi menangis rakyatnya,Designer of Law Number Protection of Personal Data Crying his people,0.44999999999999996,-0.1,Negative
92,"damn so agree mas. ngomong-ngomong according to undang-undang personal data protrction /perlindungan data pribadi (pdp) no tahun , namanya consent pemrosesan data mandatory. waktu tahun, entitas menerapkan sanksi/pidana üôÇ","damn so agree mas. By the way, according to the Personal Data Protrction Law /Protection of Personal Data (PDP) No Year, the name is consent data processing mandatory. In the year, the entity applied sanctions/crimes üôÇ",0.3,0.0,Neutral
93,"b. undang-undang nomor tahun perlindungan data pribadi (pdp) perusahaan menghadapi persaingan ketat asing menguasai pangsa konsumen indonesia besar, perusahaan asing menggarap pasar indonesia.","b. Law Number Year Protection of Personal Data (PDP) The company faces forth forth competition in controlling the share of large Indonesian consumers, foreign companies work on the Indonesian market.",0.2845238095238095,0.029761904761904757,Positive
94,gausah sosoan bahas undang-undang cipta kerja. baca pahami undang-undang / perlindungan data pribadi (uu pdp) üôè,No need to discuss the Work Copyright Law. Read Understanding the Law / Protection of Personal Data (Law PDP) üôè,0.3,0.0,Neutral
95,mengharmoniskan data pribadi undang-undang kip undang-undang perlindungan data pribadi,harmonize the personal data of the KIP Law on the Protection of Personal Data Protection,0.3,0.0,Neutral
96,"well yeah its happened already. just dont want the girl to caught by undang-undang perlindungan data pribadi no mate. disekill linked in, kasus. bosan men","Well yeah its happen already. Just dont want the girl to caught by the Protection Protection Act No Mate. Linked in, case. Tired of men",0.7,-0.4,Negative
97,undang-undang pelindungan data pribadi (uu pdp) diundangkan oktober lalu. peraturan tonggak tata kelola data pribadi ranah digital indonesia. cc. ....,The Personal Data Protection Act (PDP Law) was promulgated last October. regulations on the milestone of Indonesian digital domain personal data governance. CC. ....,0.16666666666666666,0.0,Neutral
98,undang-undang perlindungan data pribadi diundangkan oktober . tonggak tata kelola data pribadi ranah digital indonesia. memperkuat pelaksanaan pengaturan undang-undang perlindungan data pribadi kominfo melibatkan pemangku kepentingan.,The Personal Data Protection Act was enacted October. Milestone in Indonesia's Digital Domain Domains. Strengthening the implementation of the regulation of the Communication and Information Protection Protection Act involving stakeholders.,0.15,0.0,Neutral
99,libatkan pemangku kepentingan implementasikan undang-undang perlindungan data pribadi undang-undang pelindungan data pribadi diundangkan oktober lalu. peraturan tonggak tata kelola data pribadi ranah digital indonesia.,Involve stakeholders implementing the Personal Data Protection Act on the Protection of Personal Data Protection Last October. regulations on the milestone of Indonesian digital domain personal data governance.,0.1933333333333333,0.0,Neutral
100,undang-undang perlindungan data pribadi diundangkan oktober tonggak tata kelola data pribadi ranah digital indonesia.,"The Personal Data Protection Act was enacted in October, the milestone of the Indonesian Digital Domain Domains.",0.15,0.0,Neutral
101,undang-undang pelindungan data pribadi (uu pdp) diundangkan oktober lalu. peraturan tonggak tata kelola data pribadi ranah digital indonesia.,The Personal Data Protection Act (PDP Law) was promulgated last October. regulations on the milestone of Indonesian digital domain personal data governance.,0.16666666666666666,0.0,Neutral
102,"implementasikan undang-undang pdp, libatkan asosiasi aktif undang-undang pelindungan data pribadi (uu pdp) diundangkan oktober . regulasi tonggak tata kelola data pribadi ranah digital indonesia.","implementing the PDP Law, Involving the Active Association of the Personal Data Protection Act (PDP Law) was enacted in October. regulation of the milestone of Indonesian digital domain personal data governance.",0.3,-0.03333333333333333,Negative
103,undang-undang pelindungan data pribadi (uu pdp) diundangkan oktober . kementerian kominfo berupaya memperkuat pelaksanaan pengaturan undang-undang perlindungan data pribadi melibatkan pemangku kepentingan.,The Personal Data Protection Act (PDP Law) was enacted in October. The Ministry of Communication and Information seeks to strengthen the implementation of the regulation of the Personal Data Protection Act involving stakeholders.,0.3,0.0,Neutral
104,_wisnu _sauya _yantie undang-undang pelindungan data pribadi (uu pdp) diundangkan oktober . regulasi tonggak tata kelola data pribadi ranah digital indonesia.,_Wisnu _Sauya _YANTIE Act Protection of Personal Data (UU PDP) was enacted in October. regulation of the milestone of Indonesian digital domain personal data governance.,0.19999999999999998,0.0,Neutral
105,undang-undang pelindungan data pribadi (uu pdp) diundangkan oktober . regulasi tonggak tata kelola data pribadi ranah digital indonesia.,The Personal Data Protection Act (PDP Law) was enacted in October. regulation of the milestone of Indonesian digital domain personal data governance.,0.19999999999999998,0.0,Neutral
106,ketentuan pidana undang-undang perlindungan data pribadi &amp relasinya undang-undang kip,Criminal Provisions on the Law on Protection of Personal Data & Amp Rellation,0.42500000000000004,-0.2,Negative
107,keterkaitan undang-undang kip undang-undang perlindungan data pribadi penetapan status informasi,Linkage of the KIP Law on the Personal Data Protection Act Determination of Information Status,0.3,0.0,Neutral
108,"sender ngikutin perilaku tolol upload konten medsos, mewek tuntut undang-undang ite, undang-undang tahun perlindungan data pribadi ya. pda? mind your damn business. disakitin/kdrt? tolongin. kebalik.","Sender follows the stupid behavior of uploading social media content, demanding the ITE Law, Law on the Year of Personal Data Protection. Pda? Mind Your Damn Business. hurt/domestic violence? Please. reverse.",0.45555555555555555,-0.25555555555555554,Negative
109,"dpr kepemimpinan puan maharani merespons &amp solusi disahkannya undang-undang pdp. tengah viralnya fenomena hacker bjorka, undang-undang perlindungan data pribadi hadir sbg kewajiban negara aman data pribadi masyarakat, ahli komunikasi politik silvanus alvin, rabu (//).","DPR Leadership Puan Maharani responded to & amp solutions to pass the PDP Law. in the middle of the viral Bjorka hacker phenomenon, the Personal Data Protection Act is present as a safe state obligation of the public data, Silvanus Alvin's political communication expert, Wednesday (//).",0.16111111111111112,0.08333333333333333,Positive
110,usul min. kebijakan privasi&amp moderasi konten tanggung dr perusahaan medsos indonesia undang-undang tahun pdp. sosialisasi enkripsi end-to-end. perpesanan twitter&amp instagram terenkripsi berpotensi kebocoran data.,Proposed Min. Privacy Policy & AMP Moderation of Consultant Content from Indonesian Social Media Companies Law PDP. End-to-end encryption socialization. Twitter & AMP Instagram messaging is encrypted with the potential for data leakage.,0.5333333333333333,0.016666666666666666,Positive
111,_id menghargai undang-undang perlindungan data pribadi nomor tahun perlindungan data pribadi. menganggu nama 'cigna asuransi bca' no hp,_ID appreciates the Law on Protection of Personal Data Protection Year Protection Year Personal Data. disturbing the name 'Cigna Insurance BCA' No Hp,0.4666666666666666,-0.16666666666666666,Negative
112,"alhamdulillah.., , indonesia tahun memiliki undang-undang pelindungan data pribadi (uu pdp) melindungi data rakyat kejahatan peretasan pihak¬≤ bertanggungjawab.","Alhamdulillah .., Indonesia Year has a Personal Data Protection Act (PDP Law) Protects People's Data Crimes Hacking the parties responsible.",0.42500000000000004,0.1,Positive
113,"berdasarkan situs undang-undang perlindungan data pribadi disahkan, ditandatangani presiden, resmi diberlakukan tanggal oktober . undang-undang nomor tahun .","Based on the site of the Personal Data Protection Act ratified, the President signed, was officially imposed on October. Law Number Year.",0.3,0.0,Neutral
114,".. pengesahan undang-undang perlindungan data pribadi terkait diskusi data free flow with trust (dfft) forum g. pembahasan dfft selesai digital economy ministers' meeting (demm) september , pengesahan ruu pdp.",".. Ratification of the Personal Data Protection Act related to Discussion Data Free Flow With Trust (DFFT) Forum g. DISCUSSION DFFT Completed Digital Economy Ministers' Meeting (DEMM) September, Ratification of the PDP Bill.",0.375,0.1,Positive
115,"kak cek undang-undang perlindungan data pribadi tahun ya, undang-undang bikin hati hati ngeshare apapun berbau data pribadi orang. data pripadi iya mana?wajah. data biometrik.","Sis Check the Law on Protection of Personal Data Year Yes, the law makes careful carelessness anything smells of personal data. Which pripadi data is? biometric data.",0.5333333333333333,-0.03333333333333333,Negative
116,sodorin cda nomor telepon data pribadi dilindungi undang-undang perlindungan data pribadi nomor tahun . sip.,Sodorin CDA Personal Data Telephone Number Protected by the Personal Data Protection Act for the year. OK.,0.3666666666666667,0.16666666666666666,Positive
117,"kompas, jum'at nov _indonesia undang-undang perlindungan data pribadi kegagalan pelindungan data pribadi? lantas, menegakkan aturan main undang-undang perlindungan data pribadi ini? menagih kewajiban pengendali data pribadi?","Kompas, Friday Nov _Indonesia Law Protection of Personal Data Protection Failure to Protection of Personal Data? Then, uphold the rules of the Personal Data Protection Act? Collecting personal data control obligations?",0.3,-0.06333333333333334,Negative
118,undang-undang perlindungan data pribadi resmi berlaku seiring disahkannya presiden joko widodo oktober . pemalsuan data pribadi diancam tahun penjara usuttuntasperetas,The Official Personal Data Protection Act applies as President Joko Widodo October passed. Falsification of Personal Data Threatened with Year of Prison,0.3,0.0,Neutral
119,"jaman now, serba online, instan+proteksi asuransi, belanja puluhan ratusan juta rupiah. membeli percaya diri, aejak oktober , diundangkan undang undang nomor tahun pelindungan data pribadi (uu pdp), data pembeli disamarkan","Now, online, instant+insurance protection, shopping tens of hundreds of millions of rupiah. Buying confidence, Aejak October, was promulgated by the Law Number Year Protection of Personal Data (PDP Law), the buyer's data was disguised",0.3,0.0,Neutral
120,undang-undang / perlindungan data pribadi loh. semoga gugatan yah,Law / Protection of Personal Data. I hope the lawsuit,0.3,0.0,Neutral
121,"salah satunya berkaitan keamanan data pemilih. pemerintah mengesahkan undang-undang nomor tahun perlindungan data pribadi (uu pdp), efektivitas peraturan teruji.","One of them is related to voter data security. The government ratified Law Number of the Year of Personal Data Protection (PDP Law), the effectiveness of the tested regulations.",0.35,0.0,Neutral
122,undang-undang nomor / perlindungan data pribadi (pdp) ... berlaku swasta? nalar *keadilan,Law Number / Protection of Personal Data (PDP) ... Valid Private? reason *justice,0.3375,0.0,Neutral
123,undang-undang perlindungan data pribadi remi disahkan september / beleid hadir melindungi data pribadi warga negara indonesia. . savekpk berantaskorupsi hukumdankeadilan indonesiabebaskorupsi,The Remi Personal Data Protection Act passed September / Beleid was present to protect the personal data of Indonesian citizens. . Savekpk Eradication of Legal Corruption and Indonesian Justice Court Corruption,0.2,0.05,Positive
124,undang-undang perlindungan data pribadi resmi disahkan september savekpk berantaskorupsi hukumdankeadilan indonesiabebaskorupsi _lateti _sum,The Official Personal Data Protection Act Savekpk was ratified in the legal corruption of the Indonesian Justice Court of Corruption,0.25,0.1,Positive
125,"kementerian kominfo mengatakan, pengesahan undang-undang pelindungan data pribadi (uu pdp) presiden jokowi oktober menandai era tata kelola data pribadi ranah digital indonesia.",The Ministry of Communication and Information said that the ratification of the Personal Data Protection Act (UU PDP) President Jokowi October marked the era of Indonesian Digital Domain Domain Domains.,0.3,0.03333333333333333,Positive
126,pengesahan undang-undang pelindungan data pribadi (uu pdp) presiden oktober menandai era tata kelola data pribadi ranah digital indonesia.,Ratification of the Presidential Protection Act (PDP Law) of the October President marked the era of Indonesian Digital Domain Domains Personal Data Governance.,0.3,0.03333333333333333,Positive
127,"direktur jenderal aplikasi informatika kominfo semuel abrijani pangerapan mengatakan, pengesahan undang-undang perlindungan data pribadi presiden oktober menandai era tata kelola data pribadi ranah digital indonesia. _chou",Director General of Information and Communication and Information Information Semuel Abrijani Pangerapan said that the ratification of the President's Personal Data Protection Act marked the era of Indonesian Digital Ranah Digital Data Governance. _Chou,0.27999999999999997,0.030000000000000006,Positive
128,naskah undang-undang / perlindungan data pribadi (pdp),Text of Law / Protection of Personal Data (PDP),0.3,0.0,Neutral
129,menkominfo johnny g. plate : pemerintah pulang pergi aturan turunan undang-undang nomor tahun pdp. pemerintah menggelar konsultasi publik penyusunan aturan turunan undang-undang pdp.,Menkominfo Johnny g. Plate: The government commutes the Derivative Regulation of Law Number PDP. The government holds a public consultation for the preparation of the PDP laws.,0.06666666666666667,0.0,Neutral
130,_wisnu presiden joko widodo menandatangani undang-undang perlindungan data pribadi oktober . undang-undang perlindungan data pribadi diterbitkan menjamin hak warga negara pelindungan pribadi menumbuhkan kesadaran masyarakat menjamin pengakuan penghormatan pelindungan data pribadi.,Wisnu President Joko Widodo signed the October Personal Data Protection Act. The Personal Data Protection Act is issued guarantees the rights of citizens of private protection to foster public awareness to ensure the recognition of respect for the protection of personal data.,0.26833333333333337,0.0,Neutral
131,pemerintah peraturan presiden aturan turunan undang-undang nomor tahun pelindungan data pribadi (pdp). menkominfo menggelar konsultasi publik penyusunan aturan turunan undang-undang pdp.,Government Presidential Regulation Declaration of Law Number of Law Number Year Protection of Personal Data (PDP). The Minister of Communication and Information held a public consultation for the preparation of the PDP laws.,0.18333333333333332,0.0,Neutral
132,presiden joko widodo jokowi mengesahkan undang-undang nomor tahun pelindungan data pribadi (uu pdp).,President Joko Widodo Jokowi ratified Law Number of the Year of Protection of Personal Data (PDP Law).,0.3,0.0,Neutral
133,üëç presiden jokowi resmi sahkan undang-undang no tahun perlindungan data pribadi (pdp). . kabarhariini presidenjokowi uupdp detik.,üëç President Jokowi officially approved Law No of the Year Protection of Personal Data (PDP). . Kabarhariini Presidenjokowi UUPDP Detik.,0.3,0.0,Neutral
134,presiden jokowi resmi sahkan undang-undang no tahun perlindungan data pribadi (pdp). . kabarhariini presidenjokowi uupdp detik.,President Jokowi was officially approved by Law No of the Year of Protection of Personal Data (PDP). . Kabarhariini Presidenjokowi UUPDP Detik.,0.3,0.0,Neutral
135,meramaikan digitalhealthweek berpartisipasi diskusi - - undang-undang pdp. update slide dulu.... cc: _health,Enlivening DigitalHealthweek participating in discussions - - PDP Law. Slide update first .... CC: _Health,0.3333333333333333,0.25,Positive
136,"september disahkan undang-undang perlindungan data pribadi. disahkan undang-undang perlindungan data pribadi ini, kepastian hukum kesadaran masyarakat menjaga data pribadi jagaprivasikita bijak jejak digital","September was passed by the Personal Data Protection Act. ratified by this Personal Data Protection Act, the legal certainty of public awareness to maintain personal data in the Digital Traces",0.19444444444444445,0.03333333333333333,Positive
137,dinantikan oktober : album midnights sang kakak keberlakuan undang-undang pdp. exciting month ahead!,Awaped October: The Midnights Album of the Brother's Application of the PDP Law. Exciting MONONH AHEAD!,0.8,0.375,Positive
138,menjaga data pribadi jejak digital kita. september disahkan undang-undang perlindungan data pribadi perlindungan data. jagaprivasikita bijak jejak digital,Maintain personal data on our digital traces. September was passed by the Personal Data Protection Act Data Protection. Jagaprivasikita wise digital traces,0.3,0.13999999999999999,Positive
139,"undang-undang perlindungan data pribadi sah tanggal september , berlakunya undang-undang sadar menjaga data pribadi jejak digital. jagaprivasikita bijak jejak digital","Legitimate Personal Data Protection Act dated September, the enactment of the Acting Law Maintaining personal data of digital traces. Jagaprivasikita wise digital traces",0.25,0.11666666666666665,Positive
140,bjorka pengesahkan undang-undang perlindungan data pribadi krusial disahkan. dpr mencla mencle‚Ä¶ kayak april,Bjorka approved the Crucial Personal Data Protection Act was passed. DPR mendla menle ... like April,0.65,0.0,Neutral
141,akhir-akhir terkait kebocoran data pribadi menimbulkan kerugian. negara mengeluarkan undang-undang perlindungan data pribadi september kitapunyapdp manfaat undang-undang perlindungan data pribadi,lately related to personal data leaks cause losses. the state issued the September Stew-Data Protection Act on the Benefits of the Personal Data Protection Act,0.3333333333333333,0.0,Neutral
142,dpr resmi mengesahkan ruu perlindungan data pribadi // poinpentingpdp aturan undang-undang perlindungan data pribadi,DPR officially approved the Bill in Personal Data Protection // POINTSPENDPDP Rules of the Law on Personal Data Protection,0.3,0.0,Neutral
143,dpr resmi mengesahkan aturan undang-undang perlindungan data pribadi rapat paripurna september . bisaa dicek dibawah informasi selengkap nyaa. poinpentingpdp,The DPR officially approved the rules of the Public Data Protection Act of the September Plenary Meeting. can be checked under the complete information. POINTSPENDPDP,0.23333333333333334,0.05,Positive
144,"biodata singkat pemain film horor qodrat tayang oktober , vino bastian, marsha timothy es kakak perempuan bethesuninjkt bannedmecima natuna undang-undang ite nestle cleo elfbar beli dimana aqua pristine aturan undang-undang perlindungan data pribadi senin borneo win suphannahong","Short Biodata of the Qodrat horror film player aired October, Vino Bastian, Marsha Timothy Es Sister Bethesuninjkt Bannedmecima Natuna ITE NESTLE CLEO ELFBAR Act bought where Aqua Pristine Rules of the Borneo Monday Data Protection Act",0.5,0.05,Positive
145,"Ô∏èÔ∏è Ô∏èÔ∏è Ô∏èÔ∏è Ô∏èÔ∏èÔ∏èÔ∏è Ô∏èÔ∏è bener, bara. indonesia mensahkan undang-undangnya, nih! undang-undang perlindungan data pribadi (uu pdp) ditetapkan rapat paripurna rancangan undang-undang perlindungan data pribadi (ruu pdp) september . Ô∏èÔ∏èÔ∏è Ô∏èÔ∏è Ô∏èÔ∏è","Ô∏èÔ∏è Ô∏èÔ∏è Ô∏èÔ∏è Ô∏èÔ∏èÔ∏èÔ∏è Ô∏èÔ∏è True, embers. Indonesia approved the law, here! The Personal Data Protection Act (PDP Law) was determined by the Plenary Draft Law on the September Personal Data Protection Act (RUU PDP). Ô∏èÔ∏èÔ∏è Ô∏èÔ∏è Ô∏èÔ∏è",0.4166666666666667,0.14583333333333334,Positive
146,ruu pelindungan data jokowi trhdp ketua dpr surat presiden januari poinpentingpdp aturan undang-undang perlindungan data pribadi,Data Protection Bill Jokowi TRHDP Speaker of the House of Representatives Presidential Letter January PointsPdp Rules of the Law on Personal Data Protection,0.3,0.0,Neutral
147,dpr resmi mensahkan ruu perlindungan data pribadi tanggal september . diharapkan ruu perlindungan data pribadi masyarakat. poinpentingpdp aturan undang-undang perlindungan data pribadi,The DPR officially approved the Personal Data Protection Bill on September. It is expected that the Community Personal Data Protection Bill. POINTSPENDPDP RULES OF PERSONAL DATA PROTECTION Act,0.325,-0.025,Negative
148,"menunggu , undang-undang perlindungan data pribadi (uu pdp) disetujui diundangkan kemarin tanggal september . hak jaminan keamanan data pribadi nihh. poinpentingpdp aturan undang-undang perlindungan data pribadi","Waiting, the Personal Data Protection Act (PDP Law) was approved to be promulgated yesterday on September. The right to guarantee personal data security. POINTSPENDPDP RULES OF PERSONAL DATA PROTECTION Act",0.35892857142857143,0.07142857142857142,Positive
149,undang-undang perlindungan data pribadi disahkan dpr september poinpentingpdp aturan undang-undang perlindungan data pribadi,Law Protection Protection of Personal Data Obacted by DPR September PointsPdp Rules of the Law on Personal Data Protection,0.3,0.0,Neutral
150,resmi dpr mengesahkan aturan undang-undang perlindungan data pribadi (perlindungan data pribadi) rapat paripurna (//) poinpentingpdp,"Officially, the DPR ratified the rules of the Law on Protection of Personal Data (Protection of Personal Data) Plenary Meeting (//) POINTSPENDPDP",0.3,0.0,Neutral
151,ruu perlindungan data pribadi sejatinya presiden jokowi ketua dpr surat presiden januari . pertengahan september disahkan. poinpentingpdp aturan undang-undang perlindungan data pribadi,The Bill on Personal Data Protection is true President Jokowi Speaker of the DPR Presidential Letter of January. mid -September was passed. POINTSPENDPDP RULES OF PERSONAL DATA PROTECTION Act,0.3125,0.0875,Positive
152,drp mengesahkan undang-undang perlindungan data pribadi (ruu pdp) rapat paripurna september . poinpentingpdp aturan undang-undang perlindungan data pribadi,DRP ratified the Personal Data Protection Act (RUU PDP) of the September Plenary Meeting. POINTSPENDPDP RULES OF PERSONAL DATA PROTECTION Act,0.3,0.0,Neutral
153,ruu perlindungan data pribadi (ruu pdp) diresmikan sidang paripurna tanggal september kemarin. semoga ruu perlindungan data pribadi tsb data milik masyarakat terlindungi poinpentingpdp aturan undang-undang perlindungan data pribadi,The Personal Data Protection Bill (Bill PDP) was inaugurated by the plenary session on September yesterday. Hopefully the Bill on Personal Data Protection of the Community-Owned Data Protected PointsPdp the Rules of the Law on Personal Data Protection,0.3,0.0,Neutral
154,rapat paripurna tanggal september dpr mengesahkan undang-undang perlindungan data pribadi poinpentingpdp aturan undang-undang perlindungan data pribadi,Plenary Meeting Date of the Parliament of the DPR ratified the Personal Data Protection Act POINTSPPDP RULES OF PERSONAL DATA PROTECTION Act,0.3,0.0,Neutral
155,"rancangan undang-undang pelindungan data pribadi (ruu pdp) disahkan undang-undang rapat paripurna dpr ri, selasa (//). wakil ketua dpr lodewijk paulus memimpin rapat paripurna didampingi wakil ketua dpr rachmat gobel. poinpentingpdp aturan undang-undang perlindungan data pribadi",The Draft Law on Protection of Personal Data (Bill PDP) was passed by the DPR RI Plenary Meeting Law on Tuesday (//). Deputy Speaker of the House Lodewijk Paulus chaired the plenary meeting accompanied by Deputy Speaker of the House of Representatives Rachmat Gobel. POINTSPENDPDP RULES OF PERSONAL DATA PROTECTION Act,0.3,0.0,Neutral
156,"menunggu , undang-undang perlindungan data pribadi (uu pdp) disetujui diundangkan kemarin september poinpentingpdp aturan undang-undang perlindungan data pribadi","waiting, the Personal Data Protection Act (PDP Law) was approved.",0.3,0.0,Neutral
157,"undang-undang perlindungan data pribadi resmi disahkan dpr pemerintah rapat paripurna tanggal september . regulasi memuat hak pemilik data, data pribadi umum, tugas pengendali sanksi. poinpentingpdp aturan undang-undang perlindungan data pribadi","The Official Personal Data Protection Act was ratified by the DPR Government of the plenary meeting on September. Regulations contain the rights of data owners, general personal data, sanctions control tasks. POINTSPENDPDP RULES OF PERSONAL DATA PROTECTION Act",0.35000000000000003,0.012500000000000004,Positive
158,dpr resmi mengesahkan undang-undang perlindungan data pribadi tanggal september kemarin poinpentingpdp aturan undang-undang perlindungan data pribadi,The DPR officially approved the Personal Data Protection Act on September yesterday PointsPDP Rules of the Personal Data Protection Act,0.3,0.0,Neutral
159,"dpr mengesahkan undang-undang perlindungan data pribadi (ruu pdp) tanggal september . gak was was terkait data pribadi tersebar acak, pemerintah perlindungan. poinpentingpdp aturan undang-undang perlindungan data pribadi","The DPR ratified the Personal Data Protection Act (Bill PDP) on September. Not worry about personal data scattered randomly, the government is protection. POINTSPENDPDP RULES OF PERSONAL DATA PROTECTION Act",0.35000000000000003,-0.125,Negative
160,"dpr resmi mengesahkan undang-undang perlindungan data pribadi (ruu pdp) rapat paripurna digelar september , didalamnya memuat perbedaan data pribadi umum, hak pemilik data, tugas pengendali data beserta sanksinya. poinpentingpdp aturan undang-undang perlindungan data pribadi","The DPR officially approved the PERSONAL DATA PROTECTION Act (RUU PDP) of the plenary meeting was held in September, in it containing differences in general personal data, data owners' rights, data control tasks and sanctions. POINTSPENDPDP RULES OF PERSONAL DATA PROTECTION Act",0.35000000000000003,0.012500000000000004,Positive
161,"undang-undang perlindungan data pribadi disahkan dpr //. aturan undang-undang perlindungan data pribadi diharapkan melindungi kedaulatan warga negara data pribadinya. good job, dpr! poinpentingpdp aturan undang-undang perlindungan data pribadi","Law Protection of Personal Data Obacted by the DPR //. The rules of the Personal Data Protection Act are expected to protect the sovereignty of citizens of their personal data. Good job, DPR! POINTSPENDPDP RULES OF PERSONAL DATA PROTECTION Act",0.3666666666666667,0.12916666666666668,Positive
162,ruu perlindungan data pribadi resmi disahkan dpr rapat paripurna // poinpentingpdp aturan undang-undang perlindungan data pribadi,Official Personal Data Protection Bill Obacted by the DPR Plenary Meeting // PointsPdp Rules of Personal Data Protection Act,0.3,0.0,Neutral
163,aturan undang-undang perlindungan data pribadi resmi disahkan dpr september . diharapkan warga indonesia berdaulat data pribadinya poinpentingpdp,Rules of the Personal Data Protection Act officially passed by the DPR in September. It is expected that Indonesian citizens are sovereign their personal data POINTSPENDPDP,0.3333333333333333,-0.03333333333333333,Negative
164,undang-undang perlindungan data pribadi (uupdp) resmi disahkan dpr rapat paripurna september . poinpentingpdp aturan undang-undang perlindungan data pribadi,The Personal Data Protection Act (UUPDP) was officially approved by the DPR plenary meeting in September. POINTSPENDPDP RULES OF PERSONAL DATA PROTECTION Act,0.3,0.0,Neutral
165,ruu perlindungan data pribadi (pdp) resmi sahkan dpr tanggal september . undang-undang perlindungan terkait data pribadi kita. poinpentingpdp aturan undang-undang perlindungan data pribadi,The Personal Data Protection Bill (PDP) was officially passed by the DPR on September. The Protection Act related to our personal data. POINTSPENDPDP RULES OF PERSONAL DATA PROTECTION Act,0.325,0.0,Neutral
166,ruu perlindungan data pribadi resmi disahkan dpr rapat paripurna september poinpentingpdp aturan undang-undang perlindungan data pribadi,Official Personal Data Protection Bill Obacted by the DPR Plenary Meeting September PointsPdp PERSONAL PERSONAL DATA PROTECTION Act,0.3,0.0,Neutral
167,poinpentingpdp aturan undang-undang perlindungan data pribadi sahkan tanggal september,POINTSPENSTPDP PERSONAL PERSONAL DATA PROTECTION Act is paid off September,0.3,0.0,Neutral
168,undang-undang perlindungandata pribadi disahkan saa rapat paripurna tanggal september poinpentingpdp aturan undang-undang perlindungan data pribadi,Personal Protection Act was passed by the plenary meeting on September PointsPdp PERSONAL DATA PROTECTION Act,0.3,0.0,Neutral
169,dpr mengesahkan aturan undang-undang perlindungan data pribadi rapat diselenggarakan september poinpentingpdp,The DPR ratified the rules of the Personal Data Protection Act Meeting was held in September PointPdp,0.3,0.0,Neutral
170,undang-undang perlindungan data pribadi disahkan dpr tanggal // diharapkan kepastian hukum data pribadi masyarakat poinpentingpdp aturan undang-undang perlindungan data pribadi,Law Protection of Personal Data Ratified by the DPR Date // It is expected that the legal certainty of public data on the point,0.24166666666666664,0.025,Positive
171,dpr resmi mengesahkan undang-undang perlindungan data pribadi rapat paripurna diadakan tanggal september poinpentingpdp aturan undang-undang perlindungan data pribadi,The DPR officially approved the Plenary Data Protection Act for the Plenary Meeting was held on September PointsPdp the Rules of the Personal Data Protection Act,0.3,0.0,Neutral
172,ruu perlindungan data pribadi disahkan dpr september rapat paripurna poinpentingpdp aturan undang-undang perlindungan data pribadi,Bill on Personal Data Protection was passed by the DPR September Plenary Meeting PointsPdp Rules of the Law on Personal Data Protection,0.3,0.0,Neutral
173,"pemerintah resmi mengesahkan ruu perlindungan data pribadi undang-undang rapat paripurna dpr ri persidangan tahun sidang -, selasa (/). poinpentingpdp aturan undang-undang perlindungan data pribadi","The government officially ratified the Bill on the Protection of Personal Data Protection of the DPR RI Plenary Meeting of the trial year of the trial -, Tuesday (/). POINTSPENDPDP RULES OF PERSONAL DATA PROTECTION Act",0.3,0.0,Neutral
174,"finally ruu perlindungan data pribadi sahkan, tapat paripurna september . isinya aturan perbedaan data pribadi umum, hak pemilik data, tugas pengendali data saksi. poinpentingpdp aturan undang-undang perlindungan data pribadi","Finally, the Personal Data Protection Bill was passed, Tapat Plenary September. It contains rules for differences in general personal data, data owners' rights, witness data control tasks. POINTSPENDPDP RULES OF PERSONAL DATA PROTECTION Act",0.48,0.010000000000000004,Positive
175,dpr resmi mengesahkan ruu perlindungan data pribadi (undang-undang perlindungan data pribadi) indonesia tanggal september rapat paripurna. hak jaminan menerima ganti rugi pelanggaran pemrosesan terkait data poinpentingpdp aturan undang-undang perlindungan data pribadi,The DPR officially approved the Indonesian Personal Data Protection Bill (Indonesian Personal Data Protection Act) on September Plenary Meeting. The right to guarantee receive compensation for violation of processing related data POINTSPDP Rules of Personal Data Protection Act,0.3671428571428571,0.05714285714285714,Positive
176,ruu perlindungan data pribadi disahkan dpr rapat paripurna tanggal september kemarin. poinpentingpdp aturan undang-undang perlindungan data pribadi,The Bill on Personal Data Protection was passed by the DPR plenary meeting on September yesterday. POINTSPENDPDP RULES OF PERSONAL DATA PROTECTION Act,0.3,0.0,Neutral
177,"ruu perlindungan data presiden jokowi ketua dpr surat presiden januari . undang-undang pdp, subjek data pribadi, hak jaminan keamanan data pribadi poinpentingpdp aturan undang-undang perlindungan data pribadi","President Jokowi's Data Protection Bill Jokowi Speaker of the DPR Presidential Letter January. PDP Law, Personal Data Subjects, Personal Data Security Guarantee Rights Point PointsPdp Rules of the Personal Data Protection Act",0.3,0.0,Neutral
178,dpr resmi mengesahkan undang - undang perlindungan data pribadi rapat paripurna tanggal september lalu. poinpentingpdp aturan undang-undang perlindungan data pribadi,The DPR officially approved the Plenary Data Protection Act on the Plenary Meeting last September. POINTSPENDPDP RULES OF PERSONAL DATA PROTECTION Act,0.18333333333333332,0.0,Neutral
179,ruu perlindungan data pribadi disahkan dpr undang-undang september memuat aturan penting. aturan undang-undang perlindungan data pribadi mengatur hal-hal dasar melindungi data pribadi poinpentingpdp,The Bill on Protection of Personal Data Obacted by the DPR of the September Law contains important rules. Rules of the Personal Data Protection Act regulates the basic matters of protecting personal data POINTSPENDPDP,0.40499999999999997,0.08,Positive
180,"ruu perlindungan data pribadi (pdp) resmi undang-undang (uu). diinisiasi , undang-undang pelindungan data pribadi alias undang-undang perlindungan data pribadi disahkan dewan perwakilan rakyat dpr selasa lalu, september poinpentingpdp aturan undang-undang perlindungan data pribadi","The Official Law on Personal Data Protection (PDP) Bill (UU). Initiated, the Law on Protection of Personal Data Alias ‚Äã‚ÄãPersonal Data Protection Act was ratified",0.3,0.0,Neutral
181,"pemerintah dpr menyetujui naskah ruu perlindungan data pribadi untk dibawa tingkat ii september , berhak menggugat menerima ganti rugi pelanggaran pemrosesan data pribadi poinpentingpdp aturan undang-undang perlindungan data pribadi","The DPR Government approved the manuscript of the Personal Data Protection Bill to be brought in Level II September, has the right to sued receiving compensation for violating personal data processing POINTSPDP Rules of Personal Data Protection Act",0.35892857142857143,0.07142857142857142,Positive
182,"new update september kabar gembira undang-undang perlindungan data pribadi sahkan, keuntungan pasukan parasut oknum joki pinjol, silkan pahami undang undang sahkan dprd ini.","New Update September Good news of the Personal Data Protection Act is validated, the benefits of parachute troops for the jockey of loan jockey, please understand the law of this DPRD.",0.4515151515151516,0.27878787878787875,Positive
183,data berharga banget loh guys! skrg bersyukur tanggal september undang-undang perlindungan data pribadi (uu pdp) kitapunyapdp manfaat undang-undang perlindungan data pribadi,very precious data guys! now thankful date of September the Law on Protection of Personal Data (PDP) Kitapunyapdp the benefits of the Personal Data Protection Act,0.5333333333333333,0.2708333333333333,Positive
184,ruu pelindungandatapribadi disahkan undang-undang dpr ri september instrumen perkuat pelindungan data pribadi masyarakat komprehensif undang-undang perlindungan data pribadi yang.. dpruntuknegeri mendengar aspirasi rakyat,The Personal Tap Protector Bill was ratified by the DPR RI Law September Instrument Strengthening the Protection of Personal Data Comprehensive Community Law Protection Act.,0.3,0.0,Neutral
185,"menanti, jalan berliku, dpr ri resmi mengesahkan ruu perlindungan data pribadi (pdp) undang-undang rapat paripurna dpr ke- persidangan tahun sidang -. pelindungandatapribadi dpruntuknegeri mendengar aspirasi rakyat","Waiting, the winding road, the Indonesian Parliament officially ratified the Bill on the Protection of Personal Data (PDP) Law of the DPR plenary meeting for the trial year of the trial-. Protector of the Personal Stay of the DPR to hear the aspirations of the people",0.3,0.0,Neutral
186,"akhirnya, kitapunyapdp selasa lalu, september undang-undang perlindungan data pribadi disahkan dpr. semoga kedepannya berjalan sesuai manfaat undang-undang perlindungan data pribadi semestinya. era digital menyalahgunakan data pribadi kita.","Finally, Kitapunyapdp last Tuesday, September the Personal Data Protection Act was passed by the DPR. Hopefully in the future it will run according to the benefits of the Personal Data Protection Act properly. The digital era misusing our personal data.",0.27395833333333336,0.0,Neutral
187,bersyukur berharganya data-data digital september memiliki undang-undang pelindungan data pribadi (uu pdp) kitapunyapdp manfaat undang-undang perlindungan data pribadi,Grateful for September digital data has the Law on Protection of Personal Data (Law PDP) Kitapunyapdp Benefits of the Personal Data Protection Act,0.19999999999999998,0.0,Neutral
188,"berharganya data,kita bersyukur november memiliki undang-undang pelindung data pribadi (uu pdp) kitapunyapdp manfaat undang-undang perlindungan data pribadi","The valuable of the data, we are grateful that November has a Personal Data Protection Act (PDP Law) Kitapunyapdp the Benefits of the Personal Data Protection Act",0.3,0.0,Neutral
189,"undang-undang pelindungan data pribadi (pdp), diharapkan paten. disiapkan? masyarakat terlindungi? simak diskusi ini: - kamis, september - pukul: . s/d . wib - lokasi: zoom","The Protection of Personal Data (PDP) Law is expected to patent. Prepared? protected society? Check out this discussion: - Thursday, September - BUMBER :. s/d. WIB - Location: Zoom",0.35,-0.05,Negative
190,"dewan perwakilan rakyat (dpr) mengesahkan ruu perlindungan data pribadi rapat paripurna persidangan tahun sidang - selasa, september . pernyataan menkominfo johnny g. plate undang-undang perlindungan data pribadi (pdp). ruupdp","The House of Representatives (DPR) ratified the Bill on the Protection Protection of the Plenary Session of the Session Year - Tuesday, September. Johnny's Minister of Communication and Information Statement g. Plate of the Personal Data Protection Act (PDP). RUUPDP",0.3,0.0,Neutral
191,data kita. data tanggal september memiliki undang-undang perlindungan data pribadi (uu pdp). kitapunyapdp manfaat undang-undang perlindungan data pribadi,Our data. September Data has a Personal Data Protection Act (PDP Law). Kitapunyapdp Benefits of the Personal Data Protection Act,0.3,0.0,Neutral
192,"september memiliki undang-undang pelindungan data pribadi (uu pdp) bersyukur bgt, data berharga kitapunyapdp manfaat undang-undang perlindungan data pribadi","September has the Law on Protection of Personal Data (Law PDP) is grateful, BGT, valuable data Kitapunyapdp the benefits of the Personal Data Protection Act",0.3,0.0,Neutral
193,"bagitu berharga data, bersyukur september memiliki undang pelindungan data diri. kitapunyapdp manfaat undang-undang perlindungan data pribadi","The data is valuable, thankful September has a personal data protection law. Kitapunyapdp Benefits of the Personal Data Protection Act",0.3,0.0,Neutral
194,wajib bersyukur tanggal september undang-undang perlindungan data pribadi (uu pdp) kitapunyapdp manfaat undang-undang perlindungan data pribadi,Must be grateful to the September Date of the Law on Protection of Personal Data (PDP) Kitapunyapdp Benefits of the Personal Data Protection Act,0.3,0.0,Neutral
195,sah!!! september pemerintah dpr sepakat undang-undang pdp. kitapunyapdp manfaat undang-undang perlindungan data pribadi,legitimate!!! September the Parliament Government agreed on the PDP Law. Kitapunyapdp Benefits of the Personal Data Protection Act,0.3,0.0,Neutral
196,tanggal september disahkan undang undang perlindungan data pribadi kitapunyapdp manfaat undang-undang perlindungan data pribadi,The September date was ratified,0.0,0.0,Neutral
197,"data tu berharga banget ya, undang-undang perlindungan data pribadi(uu pdp) disahkan september kemarin kitapunyapdp manfaat undang-undang perlindungan data pribadi","The data is very valuable, the Personal Data Protection Act (PDP Law) was passed yesterday, we were the benefits of the Personal Data Protection Act",0.3,0.06666666666666667,Positive
198,perlindungan data september pemerintah dpr sepakat undang-undang perlindungan data pribadi (uu pdp) sah ! kitapunyapdp manfaat undang-undang perlindungan data pribadi,SEPTEMBER DATA PROTECTION OF THE PARTY GOVERNMENT OF THE PARTNERS OF PERSONAL DATA PROTECTION (PDP Law) SAH! Kitapunyapdp Benefits of the Personal Data Protection Act,0.3,0.0,Neutral
199,"data berharga, saking pentingnya, dibilang data minyak ekonomi digital. bersyukur tanggal september memiliki undang-undang perlindungan data pribadi kitapunyapdp manfaat undang-undang perlindungan data pribadi","Valuable data, so important, is said to be digital economic oil data. Grateful that September has the Law on Protection of Personal Data Kitapunyapdp the benefits of the Personal Data Protection Act",0.36,0.12000000000000002,Positive
200,data bersyukur september memiliki undang-undang pelindungan data pribadi (uu pdp) kitapunyapdp manfaat undang-undang perlindungan data pribadi,Data Grateful September has the Law on Protection of Personal Data (PDP) Kitapunyapdp Benefits of the Personal Data Protection Act,0.3,0.0,Neutral
201,sip yaa sah undang undang perlindungan data pribadi september kitapunyapdp manfaat undang-undang perlindungan data pribadi,sip yaa legitimate the Law on Personal Data Protection September KitaPunyapdp Benefits of the Personal Data Protection Act,0.3,0.0,Neutral
202,tanggal september memiliki uu-pdp bermanfaat melindungi data pribadi kita. kitapunyapdp manfaat undang-undang perlindungan data pribadi,September has a useful law to protect our personal data. Kitapunyapdp Benefits of the Personal Data Protection Act,0.19999999999999998,0.09999999999999999,Positive
203,tanggal september undang-undang perlindungan data pribadi (uu-pdp) dimana butuh menjaga data pribadi kitapunyapdp manfaat undang-undang perlindungan data pribadi,Date September Personal Data Protection Act (UU-PDP) which needs to maintain personal data Kitapunyapdp the benefits of the Personal Data Protection Act,0.3,0.0,Neutral
204,"data dilindungi,kita bersyukur september memiliki undang-undang perlindungan data pribadi (uu pdp) kitapunyapdp manfaat undang-undang perlindungan data pribadi","protected data, we are grateful that September has the Law on Protection Protection (PDP) of KitaPunyapdp the benefits of the Personal Data Protection Act",0.3,0.0,Neutral
205,"september , pemerintah dpr sepakat undang-undang perlindungan data pribadi nih, sah!! kitapunyapdp manfaat undang-undang perlindungan data pribadi","September, the Parliament Government agreed that the Personal Data Protection Act, SAH !! Kitapunyapdp Benefits of the Personal Data Protection Act",0.3,0.0,Neutral
206,"berharganya data, bersyukur september memiliki undang-undang pelindungan data pribadi (uu pdp), dataku aman kitapunyapdp manfaat undang-undang perlindungan data pribadi","The valuable of the data, thankful September has a Personal Data Protection Act (PDP Law), Dataku Aman Kitapunyapdp Benefits of the Personal Data Protection Act",0.3,0.0,Neutral
207,bersyukur bangett september memiliki undang-undang perlindungan data pribadi dimaknai perwujudan kehadiran negara melindungi hak fundamental warga negara perlindungan data pribadi era digital. kitapunyapdp manfaat undang-undang perlindungan data pribadi,It is very grateful that September has a personal data protection law for the realization of the presence of the state protecting the fundamental rights of citizens of the digital era personal data protection. Kitapunyapdp Benefits of the Personal Data Protection Act,0.24,0.04,Positive
208,data pribadi berharga. bersyukur september undang-undang perlindungan data pribadi sahkan kitapunyapdp manfaat undang-undang perlindungan data pribadi,valuable personal data. Grateful September Personal Data Protection Act Obleged Kitapunyapdp the Benefits of the Personal Data Protection Act,0.3,0.0,Neutral
209,bersyukur banget tanggal september undang-undang perlindungan data pribadi kitapunyapdp manfaat undang-undang perlindungan data pribadi,Very grateful on September the Law on the Protection of Personal Data Kitapunyapdp the Benefits of the Personal Data Protection Act,0.3,0.06666666666666667,Positive
210,data uang aplikasi gratis september undang-undang perlindungan data pribadi (uu pdp) kitapunyapdp manfaat undang-undang perlindungan data pribadi,Data on Free Application Money September Personal Data Protection Act (Law PDP) Kitapunyapdp Benefits of the Personal Data Protection Act,0.46666666666666673,0.13333333333333333,Positive
211,data pribadi tuh berharga banget. bersyukur banget tanggal september memiliki undang-undang perlindungan data pribadi (uu pdp) kitapunyapdp manfaat undang-undang perlindungan data pribadi,Personal data is very valuable. It is very grateful that the September has the Law on Protection of Personal Data (PDP) Kitapunyapdp the benefits of the Personal Data Protection Act,0.3,0.08,Positive
212,"undang-undang pdp, khawatir data pribadi tersebar berkepentingan. data berharga, bersyukur september memiliki undang-undangnya kitapunyapdp manfaat undang-undang perlindungan data pribadi","PDP Law, worry that personal data will spread with an interest. valuable data, grateful September to have the law we are the benefits of the Personal Data Protection Act",0.3,0.0,Neutral
213,september undang-undang perlindungan data pribadi melindungi data-data kitapunyapdp manfaat undang-undang perlindungan data pribadi,September Personal Data Protection Act Protects Kitapunyapdp Data Benefits of Personal Data Protection Act,0.3,0.0,Neutral
214,"data privasi,pentingggg banget jaga. yeay september uupd (undang-undang perlindungan data) melindungi data pribadi khususnya. kitapunyapdp manfaat undang-undang perlindungan data pribadi","Privacy data, really guard. Yeay September UUPD (Data Protection Act) protects personal data in particular. Kitapunyapdp Benefits of the Personal Data Protection Act",0.2833333333333333,0.09166666666666667,Positive
215,tanggal september data terlindungi undang-undang perlindungan data pribadi kitapunyapdp manfaat undang-undang perlindungan data pribadi,September Data Protected by the Law Protection of Personal Data Kitapunyapdp the Benefits of the Personal Data Protection Act,0.3,0.0,Neutral
216,disahkannya undang-undang perlindungan data pribadi september salah perwujudan kehadiran negara melindungi hak fundamental warga negara perlindungan data pribadi era digital kitapunyapdp manfaat undang-undang perlindungan data pribadi,The passing of the September Personal Data Protection Act misinfesides the presence of the State Protects the Fundamental Rights of Citizens Protection of Personal Data Protection of the Digital Era Kitapunyapdp Benefits of the Personal Data Protection Act,0.22499999999999998,0.0,Neutral
217,informasi pas kemarin tanggal september indonesia mengesahkan undang-undang perlindungan data pribadi loh. kitapunyapdp manfaat undang-undang perlindungan data pribadi,Yesterday's PAS information on September Indonesia ratified the Personal Data Protection Act. Kitapunyapdp Benefits of the Personal Data Protection Act,0.3,0.0,Neutral
218,data pribadi berharga. untung tanggal september undang-undang perlindungan data pribadi sah kitapunyapdp manfaat undang-undang perlindungan data pribadi,"valuable personal data. Fortunately, the September Date of the Law Protection Act SAH KITAPUNDP BENEFITS OF PERSONAL DATA PROTECTION Act",0.43333333333333335,0.13333333333333333,Positive
219,"bersyukur banget september disahkannya undang-undang pelindungan data pribadi (uu pdp). data berharga, kitapunyapdp manfaat undang-undang perlindungan data pribadi","It was very grateful that September was approved by the Personal Data Protection Act (PDP Law). valuable data, kitapunyapdp the benefits of the Personal Data Protection Act",0.3,0.06666666666666667,Positive
220,undang-undang perlindungan data pribadi dikeluarkan tanggal september membantu masyarakat menjaga data peibadinya kitapunyapdp manfaat undang-undang perlindungan data pribadi,"The Personal Data Protection Act issued on September helps the community maintain their commercial data, the benefits of the Personal Data Protection Act",0.19999999999999998,0.0,Neutral
221,alhamdulillah september memiliki undang-undang perlindungan data pribadi kitapunyapdp manfaat undang-undang perlindungan data pribadi,"Alhamdulillah, September has the Law on Protection of Personal Data Kitapunyapdp the Benefits of the Personal Data Protection Act",0.3,0.0,Neutral
222,"data pribadi tu bgt, untung uu-pdp (undang undang perlindungan data pribadi) kitapunyapdp manfaat undang-undang perlindungan data pribadi","personal data that is really, fortunately the Law-PDP (Personal Data Protection Act) Kitapunyapdp the benefits of the Personal Data Protection Act",0.4,0.1,Positive
223,data pribadi tuh alhamdulillah tanggal september kemarin undang-undang perlindungan data loh kitapunyapdp manfaat undang-undang perlindungan data pribadi,"personal data, thank God, the September last September Law on the Data Protection of Kitapunyapdp the Benefits of the Personal Data Protection Act",0.2222222222222222,0.0,Neutral
224,data tanggal september memiliki undang undang perlindungan data pribadi (uu pdp) kitapunyapdp manfaat undang-undang perlindungan data pribadi,Data Date September has a Law on the Protection of Personal Data (Law PDP) Kitapunyapdp Benefits of the Personal Data Protection Act,0.3,0.0,Neutral
225,"membuka platform media sosial data pribadi kerap akses, untungnya september memiliki undang-undang pelindungan data pribadi (uu pdp) melindungi hak fundamental pribadi wni. kitapunyapdp manfaat undang-undang perlindungan data pribadi","Opening Social Media Platforms Personal data often access, fortunately September has a Personal Data Protection Act (PDP Law) protects the personal fundamentals of Indonesian citizens. Kitapunyapdp Benefits of the Personal Data Protection Act",0.3277777777777778,0.07222222222222223,Positive
226,"tanggal september negara undang-undang perlindungan data pribadi sah melindungi hak warga, data diluar kitapunyapdp manfaat undang-undang perlindungan data pribadi","Date of the State of the State of the Law on Protection of Personal Data Salu Protects the Rights of Citizens, Data outside Kitapunyapdp Benefits of the Personal Data Protection Act",0.21666666666666665,0.0,Neutral
227,"saking berharganya data pribadi, bersyukur tanggal september undang-undang perlindungan data pribadi indonesia disahkan kitapunyapdp manfaat undang-undang perlindungan data pribadi","So valuable personal data, grateful that the September Date of the Indonesian Personal Data Protection Act was passed by Kitapunyapdp the Benefits of the Personal Data Protection Act",0.3,0.0,Neutral
228,"nggak takut kebocoran data kitapunyapdp disahkan september . salah manfaat undang-undang perlindungan data pribadi terjaminnya hak warga negara terkait data pribadi, ranah digital","Not afraid that the leakage of Kitapunyapdp data was passed in September. One of the benefits of the Personal Data Protection Act Guaranteed the rights of citizens related to personal data, digital domains",0.38,0.06,Positive
229,"september , undang-undang perlindungan data pribadi hadir hak fundamental terjaganya data-data berharga kitapunyapdp manfaat undang-undang perlindungan data pribadi","September, the Personal Data Protection Act comes the fundamental rights to maintain the valuable data of Kitapunyapdp the benefits of the Personal Data Protection Act",0.3,0.0,Neutral
230,data banget loh untung pertanggal september kitapunyapdp (undang-undang perlindungan data pribadi). manfaat undang-undang perlindungan data pribadi,"really data, fortunately, dated September Kitapunyapdp (Personal Data Protection Act). Benefits of the Personal Data Protection Act",0.375,0.15000000000000002,Positive
231,"sah!! september , undang-undang pdp. manfaat undang-undang perlindungan data pribadi kita, melindungi hak menolak pengungkapan data tertentu. kitapunyapdp","legitimate!! September, PDP Law. Benefits of the Law on our personal data protection, protect the right to reject certain data disclosure. Kitapunyapdp",0.469047619047619,0.16666666666666666,Positive
232,"data itu, bersyukur september memiliki undang undang perlindungan data pribadi kitapunyapdp manfaat undang-undang perlindungan data pribadi","The data, thankful September has a law protection of Kitapunyapdp, the benefits of the Personal Data Protection Law",0.3,0.0,Neutral
233,"data berharga, alhamdulillah pda september memiliki undang-undang pdp,semoga berjalan kitapunyapdp manfaat undang-undang perlindungan data pribadi","valuable data, Alhamdulillah, PDA September has a PDP Law, hopefully we will run the benefits of the Personal Data Protection Act",0.3,0.0,Neutral
234,data banget dijaga. bersyukur undang-undang perlindungan data pribadi september . kitapunyapdp manfaat undang-undang perlindungan data pribadi,Very maintained data. Grateful for the September Personal Data Protection Act. Kitapunyapdp Benefits of the Personal Data Protection Act,0.3,0.06666666666666667,Positive
235,era digital data pribadi diambil dieksploitasi.contohnya sms berkedok undian berhadiah tanggal -- negara memiliki undang-undang perlindungan data pribadi kitapunyapdp manfaat undang-undang perlindungan data pribadi,The digital era of personal data is taken exploited. Examples of SMS under the guise of lottery prizes dates-the state has the Law on Protection of Personal Data Kitapunyapdp. Benefits of the Personal Data Protection Act,0.22499999999999998,0.0,Neutral
236,"dibilang data minyak ekonomi digital. berharganya data, bersyukur -- memiliki undang-undang pdp. kesetaraan &amp keseimbangan hak subjek data pribadi kewajiban pengendali data pribadi hukum kitapunyapdp manfaat undang-undang perlindungan data pribadi","It is said that digital economic oil data. valuable data, grateful-has a PDP law. Equality & Amp Balance of Personal Data Subject Rights Controlling Personal Data Controlle Kitapunyapdp Benefits of the Personal Data Protection Act",0.2388888888888889,0.005555555555555559,Positive
237,"sadar betapa berharganya data pribadi milik kita, negara resmi mengesahkan september memiliki undang-undang pelindungan data pribadi (uu pdp) kitapunyapdp manfaat undang-undang perlindungan data pribadi","Aware of how valuable our personal data is, the official state ratified September has the Law on Protection of Personal Data (Law PDP) Kitapunyapdp Benefits of the Personal Data Protection Act",0.28750000000000003,0.0625,Positive
238,disetujui tanggal september instansi pengendali pemrosesan data pribadi manfaat undang-undang perlindungan data pribadi kitapunyapdp manfaat undang-undang perlindungan data pribadi,approved by September Date of Personal Data Processing Agency Benefits of the Personal Data Protection Act Kitapunyapdp Benefits of the Personal Data Protection Act,0.3,0.0,Neutral
239,alhamdulillah september memiliki undang undang perlindungan data pribadi (uu pdp) kitapunyapdp manfaat undang-undang perlindungan data pribadi,"Alhamdulillah, September has a Personal Data Protection Act (PDP) Kitapunyapdp Benefits of the Personal Data Protection Act",0.3,0.0,Neutral
240,bersyukur banget tanggal september kemarin sahkan undang-undang perlindungan data pribad (uu pdp) data pribadi aman kitapunyapdp manfaat undang-undang perlindungan data pribadi,"It is very grateful that yesterday's September was passed by the Pribad Data Protection Act (PDP Law), the Safe Data Safe Kitapunyapdp the Benefits of the Personal Data Protection Act",0.4,0.3,Positive
241,september pemerintah dpr sepakat undang-undang perlindungan data pribadi sah! kitapunyapdp manfaat undang-undang perlindungan data pribadi,September the DPR Government agrees the Law on Protection of Personal Data is valid! Kitapunyapdp Benefits of the Personal Data Protection Act,0.3,0.0,Neutral
242,"data berharga. saking data, data minyak ekonomi digital. bersyukur, september memiliki undang - undang perlindungan data pribadi (uu pdp) kitapunyapdp manfaat undang-undang perlindungan data pribadi","valuable data. So data, digital economic oil data. Grateful, September has the Law on the Protection of Personal Data (PDP) Kitapunyapdp Benefits of the Personal Data Protection Act",0.2,0.05,Positive
243,"berharganya data, warga digital bersyukur september indonesia memiliki undang-undang pelindungan data pribadi (uu pdp) kitapunyapdp manfaat undang-undang perlindungan data pribadi","The valuable data, digital citizens are grateful that September Indonesia has the Law on Protection of Personal Data (PDP) Kitapunyapdp the benefits of the Personal Data Protection Act",0.19999999999999998,0.0,Neutral
244,bersyukur september memiliki undang-undang pelindungan data pribadi (uu pdp) perwujudan kehadiran negara melindungi hak fundamental warga negara perlindungan data pribadi era digital kitapunyapdp manfaat undang-undang perlindungan data pribadi,Grateful September has the Law on Protection of Personal Data (PDP Law) The realization of the presence of the State Protects the Fundamental Rights of Citizens Protection of Personal Data Protection Digital Kitapunyapdp Benefits of the Personal Data Protection Act,0.22499999999999998,0.0,Neutral
245,bersyukur banget tanggal september undang-undang pelindungan data pribadi kitapunyapdp manfaat undang-undang perlindungan data pribadi,Very grateful on September the Law on the Protection of Personal Data Kitapunyapdp the Benefits of the Personal Data Protection Act,0.3,0.06666666666666667,Positive
246,"data penting, untungnya tanggal september kemarin memiliki undang-undang perlindungan data pribadi, aman dehh kitapunyapdp manfaat undang-undang perlindungan data pribadi","Important data, fortunately yesterday September has a Personal Data Protection Act, Aman Dehh Kitapunyapdp Benefits of the Personal Data Protection Act",0.575,0.2,Positive
247,"bersyukur banget, betapa data pribadi september memiliki undang-undang perlindungan data pribadi (uu pdp) semoga hak fundamental dilindungi negara. kitapunyapdp manfaat undang-undang perlindungan data pribadi","Very grateful, how personal data September has a Personal Data Protection Act (PDP Law), hopefully the fundamental rights are protected by the state. Kitapunyapdp Benefits of the Personal Data Protection Act",0.3,0.05,Positive
248,"data pribadi penting, bernafas lega undang-undang perlindungan data pribadi disahkan tanggal september kitapunyapdp manfaat undang-undang perlindungan data pribadi","Important Personal Data, breathing reliefly the Protection of Personal Data Protection is passed on September Kitapunyapdp Benefits of the Personal Data Protection Act",0.47500000000000003,0.1,Positive
249,september pemerintah dpr sepakat undang-undang perkawinan data pribadi menyalahgunakan data pribadi kita. kitapunyapdp manfaat undang-undang perlindungan data pribadi,September the DPR Government agreed that the Marriage Law on Personal Data aburates our personal data. Kitapunyapdp Benefits of the Personal Data Protection Act,0.3,0.0,Neutral
250,"disahkannya undang-undang perlindungan data pribadi tanggal september indonesia melindungi menjaga data pribadi kita, data kitapunyapdp manfaat undang-undang perlindungan data pribadi","The passing of the Personal Data Protection Act dated September Indonesia protects our personal data, the data of Kitapunyapdp the benefits of the Personal Data Protection Act",0.3,0.0,Neutral
251,data berharga bersyukur september memiliki undang-undang pelindungan data pribadi (uu pdp) kitapunyapdp manfaat undang-undang perlindungan data pribadi,valuable data grateful September has the Law on Protection of Personal Data (PDP) Kitapunyapdp Benefits of the Personal Data Protection Act,0.3,0.0,Neutral
252,"bersyukur tanggal september disahkan undang-undang perlindungan data pribadi (uu pdp), berharga data kitapunyapdp manfaat undang-undang perlindungan data pribadi",Grateful that the September date was ratified,0.0,0.0,Neutral
253,"data pribadi, undang-undang perlindungan data pribadi indonesia disahkan tanggal september . kitapunyapdp manfaat undang-undang perlindungan data pribadi","Personal Data, the Indonesian Personal Data Protection Act was passed on September. Kitapunyapdp Benefits of the Personal Data Protection Act",0.3,0.0,Neutral
254,"berharganya data, bersyukur september memiliki undang-undang pelindungan data pribadi (uu pdp) kitapunyapdp manfaat undang-undang perlindungan data pribadi kitapunyapdp manfaat undang-undang perlindungan data pribadi","The valuable of the data, thankful September has the Law on Protection of Personal Data (PDP) Kitapunyapdp the benefits of the Personal Data Protection Act Kitapunyapdp Benefits of the Personal Data Protection Act",0.3,0.0,Neutral
255,perlindungan data pribadi instansi pengendali pemrosesan data pribadi setujui september kitapunyapdp manfaat undang-undang perlindungan data pribadi,Protection of Personal Data Control Agency for Personal Data Processing Approves September Kitapunyapdp Benefits of the Personal Data Protection Act,0.3,0.0,Neutral
256,tanggal september dicantumkan undang-undang pelindungan data pribadi (uu pdp) kitapunyapdp manfaat undang-undang perlindungan data pribadi,The September date was stated by the Kitapunyapdp Personal Data Protection Act (Law) Benefits of the Personal Data Protection Act,0.3,0.0,Neutral
257,tanggal september memiliki pelindungan data pribadi. kitapunyapdp manfaat undang-undang perlindungan data pribadi,September has a personal data protection. Kitapunyapdp Benefits of the Personal Data Protection Act,0.3,0.0,Neutral
258,data pribadi berharga. tanggal september kemarin disahkan undang-undang perlindungan data pribadi (undang-undang perlindungan data pribadi). kitapunyapdp manfaat undang-undang perlindungan data pribadi,valuable personal data. The September yesterday was passed by the Personal Data Protection Act (Personal Data Protection Act). Kitapunyapdp Benefits of the Personal Data Protection Act,0.3,0.0,Neutral
259,"saking berharga data kita, kemarin tanggal september terlambat diterbitkan undang-undang perlindungan data pribadi kitapunyapdp manfaat undang-undang perlindungan data pribadi","So valuable our data, yesterday the September was the late Published Public Data Protection Act Kitapunyapdp Benefits of the Personal Data Protection Act",0.3222222222222222,-0.09999999999999999,Negative
260,seneng bangett tanggal september kemarin undang-undang perlindungan data disahkan kitapunyapdp manfaat undang-undang perlindungan data pribadi,very happy on the September yesterday the data protection law was passed by usapdp the benefits of the Personal Data Protection Act,0.65,0.5,Positive
261,"finally, undang-undang perlindungan data pribadi (perlindungan data pribadi) disahkan september kemarin! semoga aware iya jaga data pribadi. kitapunyapdp manfaat undang-undang perlindungan data pribadi","Finally, the Personal Data Protection Act (Protection of Personal Data) was passed yesterday! I hope you are aware of personal data. Kitapunyapdp Benefits of the Personal Data Protection Act",0.40833333333333327,0.041666666666666664,Positive
262,"akhirnya, september ruu perlindungan data pribadi disahkan undang-undang (uu). rapat pengesahan dihadiri anggota dewan, anggota hadir fisik, anggota hadir virtual. sedangkan, anggota hadir.","Finally, September the Personal Data Protection Bill was passed by the Law (Law). The ratification meeting was attended by members of the council, members of the physical present, members of virtual present. Meanwhile, members are present.",0.24047619047619048,0.0,Neutral
263,indonesia memiliki payung hukum perlindungan data pribadi warganya. ruu perlindungan data pribadi dibahas disepakati dpr undang-undang rapat paripurna dpr ke- persidangan tahun sidang -.,Indonesia has a legal umbrella for protection of personal data for its citizens. The Bill on Personal Data Protection was discussed agreed by the House of Representatives Law of the DPR Plenary Meeting of the trial of the trial year-.,0.26666666666666666,0.06666666666666667,Positive
264,"undang-undang perlindungan data pribadi disahkan! hadiah ulang tahun indonesia september dinamikanya, perjuangan membuahkan hasil disahkannya undang-undang pdp, bab pasal dpr ri siang tadi.","The Personal Data Protection Act is passed! The Indonesian Birthday Gift was dynamically, the struggle produced the results of the passing of the PDP Law, chapter of the Indonesian Parliament Article this afternoon.",0.3,0.0,Neutral
265,"ruu perlindungan data pribadi disetujui disahkan undang-undang? lodewijk. setuju, sahut peserta rapat. rapat paripurna dpr ke- persidangan tahun sidang -. resmi mengesahkan undang-undang perlindungan data pribadi selasa (/). read more","The Personal Data Protection Bill was approved by the Law? Lodewijk. Agree, said the meeting participants. DPR Plenary Meeting for trial trial year -. Officially approved the Tuesday (/) Personal Data Protection Act. Read more",0.3666666666666667,0.16666666666666666,Positive
266,"dpr sahkan ruu pdp, menkominfo: tonggak sejarah kemajuan perlindungan data pribadi indonesia sejarah kemajuan perlindungan data pribadi indonesia ditorehkan september disahkannya undang-undang perlindungan data pribadi rapat paripurna dewan perwakilan rakyat republik indonesia (dpr ri)","Parliament validated the PDP Bill, MENKOMINFO: Milestone in the Progress of Indonesia's Personal Data Protection History Progress Progress of Indonesian Personal Data was inscribed in September.",0.3,0.0,Neutral
267,"ruupdp disahkan undang-undang sidang paripurna dpr ri jakarta selasa (//) sebelumnya, ketua dpr ri _ri ruu perlindungan data pribadi resmi disahkan beliau.. perlindungandatapribadi dpruntuknegeri mendengar aspirasi rakyat","RUUPDP was passed by the Jakarta DPR RI Plenary Session Law on Tuesday (//) before, the Speaker of the Indonesian Parliament _RI Personal Data Protection Bill was officially approved.",0.3,0.0,Neutral
268,". ketua dpr ri, _ri rancangan undang perlindungan data pribadi (ruu pdp) resmi disahkan undang-undang rapat paripurna dpr ri, selasa (//). ruupdp perlindungandatapribadi dpruntuknegeri mendengar aspirasi rakyat",". The Speaker of the Indonesian Parliament, _RI Draft Protection of Personal Data Protection (RUU PDP) was officially approved by the DPR RI Plenary Meeting Law on Tuesday (//). RUUPDP protected by the personality of the DPR to hear the aspirations of the people",0.3,0.0,Neutral
269,"selasa, september dinamikanya, perjuangan membuahkan hasil disahkannya undang-undang data pribadi (uu pdp), bab pasal dpr ri siang tadi.","Tuesday, September was dying, the struggle produced the results of the passing of the Personal Data Law (PDP Law), chapter of the Indonesian Parliament Article this afternoon.",0.3,0.0,Neutral
270,"perjalanan ruu perlindungan data pribadi diinisiasi . selasa, september dinamikanya, perjuangan membuahkan hasil disahkannya undang-undang data pribadi (uu pdp) _ri","The journey of the Personal Data Protection Bill was initiated. Tuesday, September dynamically, the struggle produced the results of the passing of the Personal Data Law (PDP Law) _RI",0.3,0.0,Neutral
271,"tok! ruu perlindungan data pribadi sah undang-undang fraksi ruu perlindungan data pribadi disetujui disahkan uu? wakil ketua dpr lodewijk paulus kompleks parlemen, senayan, jakarta, selasa, september .","Tok! SAH PERSONAL DATA PROTECTION BACU OF THE Act of the Personal Data Protection Bill approved approved by the Law? Deputy Speaker of the House of Representatives Lodewijk Paulus Parliament Complex, Senayan, Jakarta, Tuesday, September.",0.3333333333333333,-0.09999999999999999,Negative
272,_wisnu _udien __nakula _yantie _ alhamdulillah ü§≤ü§≤ü§≤ rancangan undang-undang (ruu) pelindungan data pribadi (pdp) resmi disahkan undang-undang (uu) rapat paripurna dpr ri persidangan tahun sidang -.,_wisnu _Udien __nakula _yantie _ Alhamdulillah ü§≤ü§≤ü§≤ Draft Law (RUU) of Protection of Personal Data (PDP) Officially approved by the Law Meeting (Law) of the Indonesian Parliament Plenary Meeting of the trial year-.,0.3,0.0,Neutral
273,"ruu perlindungan data pribadi sahkan ini, selasa september . semoga sahkan ruu perlindungan data pribadi undang-undang pdp, payung hukum menjerat pelanggar data pribadi.","This Personal Data Protection Bill Passed, Tuesday September. Hopefully the PDP Law Protection Protection Bill, Legal Umbrella ensnared Personal Data Violators.",0.26666666666666666,0.06666666666666667,Positive
274,rancangan undang-undang (ruu) pelindungan data pribadi (pdp) resmi disahkan undang-undang (uu) rapat paripurna dpr ri persidangan tahun sidang -.,The Draft Law (RUU) of Protection of Personal Data (PDP) was officially approved by the Law (Law) of the Indonesian Parliament Plenary Meeting of the trial year-.,0.3,0.0,Neutral
